{"cameraMode":{"drawMode":0,"name":"Shaded","section":"Shading Mode"},"sceneLighting":true,"audioPlay":false,"sceneViewState":{"m_AlwaysRefresh":false,"showFog":true,"showSkybox":false,"showFlares":true,"showImageEffects":true,"showParticleSystems":true,"showVisualEffectGraphs":true,"m_FxEnabled":true},"in2DMode":false,"pivot":{"x":-6.616067409515381,"y":3.9603023529052736,"z":1.363811731338501},"rotation":{"x":0.0003096504369750619,"y":0.9995917677879334,"z":0.01018494926393032,"w":-0.0293874554336071},"size":38.758541107177737,"orthographic":false}