{"cameraMode":{"drawMode":0,"name":"Shaded","section":"Shading Mode"},"sceneLighting":true,"audioPlay":false,"sceneViewState":{"m_AlwaysRefresh":false,"showFog":true,"showSkybox":false,"showFlares":true,"showImageEffects":true,"showParticleSystems":true,"showVisualEffectGraphs":true,"m_FxEnabled":true},"in2DMode":false,"pivot":{"x":0.04223567247390747,"y":1.977642297744751,"z":0.9387860298156738},"rotation":{"x":0.01897607184946537,"y":-0.9766835570335388,"z":0.09731446951627732,"w":0.1904783397912979},"size":2.801363468170166,"orthographic":false}